Frame,DeltaTime,ParticleCount,ChannelCollisions,SphereCollisions
1,0.020000,0,0,0
2,0.020000,1,4,0
3,0.039362,3,20,1
4,0.008779,7,108,12
5,0.006020,8,32,4
6,0.009084,9,36,6
7,0.006522,10,40,5
8,0.014563,10,40,3
9,0.006642,11,44,3
10,0.005847,12,48,5
11,0.006393,13,52,6
12,0.006195,14,56,4
13,0.011959,14,0,0
14,0.006086,15,120,13
15,0.005948,16,64,8
16,0.006903,16,0,0
17,0.007210,17,68,6
18,0.007660,18,72,10
19,0.005892,19,76,9
20,0.006273,20,80,9
21,0.006462,20,0,0
22,0.006153,20,80,8
23,0.006496,21,84,8
24,0.006168,22,88,7
25,0.006083,22,0,0
26,0.006428,23,92,13
27,0.006078,24,96,10
28,0.006246,25,100,11
29,0.006804,25,0,0
30,0.006165,25,100,9
31,0.006559,26,104,5
32,0.006162,27,108,8
33,0.006181,27,0,0
34,0.006408,28,112,8
35,0.006243,29,116,10
36,0.006947,30,120,9
37,0.006120,30,120,8
38,0.006097,30,0,0
39,0.006537,31,124,7
40,0.006981,32,128,10
41,0.007561,33,132,12
42,0.007408,34,136,10
43,0.005601,34,0,0
44,0.005120,35,140,9
45,0.005172,35,140,6
46,0.004499,35,0,0
47,0.005280,36,144,8
48,0.005257,37,148,9
49,0.004793,37,0,0
50,0.005398,38,152,11
51,0.005197,38,0,0
52,0.004947,39,156,16
53,0.005927,40,160,12
54,0.005207,40,0,0
55,0.004831,40,160,9
56,0.005403,41,164,5
57,0.005240,41,0,0
58,0.004868,42,168,9
59,0.004807,42,0,0
60,0.004950,43,172,11
61,0.005100,44,176,8
62,0.005266,44,0,0
63,0.006051,45,180,11
64,0.006083,45,180,8
65,0.006083,45,0,0
66,0.006125,46,184,9
67,0.006131,47,188,13
68,0.005994,47,0,0
69,0.007320,48,192,17
70,0.005015,49,196,20
71,0.005833,50,200,19
72,0.006058,50,0,0
73,0.006066,50,200,13
74,0.006033,51,204,12
75,0.006101,52,208,16
76,0.006029,52,0,0
77,0.006100,53,212,20
78,0.006042,54,216,19
79,0.006100,54,0,0
80,0.006057,55,220,23
81,0.006080,55,220,25
82,0.006050,56,224,26
83,0.006099,56,0,0
84,0.006085,57,228,30
85,0.006074,58,232,33
86,0.006030,59,236,31
87,0.006198,59,0,0
88,0.005951,60,240,31
89,0.006072,60,240,34
90,0.006091,60,0,0
91,0.006076,61,244,35
92,0.006057,62,248,35
93,0.006118,63,252,34
94,0.006039,63,0,0
95,0.006089,64,256,38
96,0.006073,65,260,36
97,0.006071,65,260,33
98,0.006082,65,0,0
99,0.006181,66,264,36
100,0.006057,67,268,38
101,0.005966,67,0,0
102,0.006041,68,272,39
103,0.006078,69,276,44
104,0.006088,70,280,45
105,0.006059,70,0,0
106,0.006039,70,280,46
107,0.024370,71,284,51
108,0.007578,74,876,161
109,0.004471,75,300,53
110,0.006096,75,0,0
111,0.006111,75,300,47
112,0.006017,76,304,50
113,0.006090,76,0,0
114,0.006049,77,308,52
115,0.006170,78,312,53
116,0.006109,79,316,48
117,0.005971,79,0,0
118,0.006169,80,320,47
119,0.005973,80,320,50
120,0.006193,81,324,52
121,0.006033,81,0,0
122,0.005989,82,328,57
123,0.006058,83,332,60
124,0.006233,83,0,0
125,0.005916,84,336,62
126,0.006088,85,340,69
127,0.006032,85,340,57
128,0.006087,85,0,0
129,0.006057,86,344,60
130,0.006069,87,348,64
131,0.006065,88,352,57
132,0.006083,88,0,0
133,0.006084,89,356,57
134,0.006046,90,360,63
135,0.006106,90,0,0
136,0.006330,90,360,68
137,0.005814,91,364,80
138,0.006042,92,368,79
139,0.006201,92,0,0
140,0.005980,93,372,77
141,0.006191,94,376,80
142,0.005940,95,380,80
143,0.006062,95,0,0
144,0.006089,95,380,81
145,0.006067,96,384,81
146,0.006069,96,0,0
147,0.006094,97,388,85
148,0.006056,98,392,84
149,0.006081,99,396,88
150,0.006070,99,0,0
151,0.006074,100,400,83
152,0.006132,100,400,76
153,0.006018,101,404,85
154,0.006145,101,0,0
155,0.005974,102,408,88
156,0.006081,103,412,89
157,0.006047,103,0,0
158,0.006079,104,416,99
159,0.006127,105,420,98
160,0.006046,105,420,91
161,0.006088,105,0,0
162,0.006056,106,424,95
163,0.006066,107,428,97
164,0.006103,108,432,101
165,0.006087,108,0,0
166,0.006165,109,436,100
167,0.005940,110,440,98
168,0.006142,110,0,0
169,0.005986,110,440,100
170,0.006080,111,444,96
171,0.006088,112,448,95
172,0.006043,112,0,0
173,0.006088,113,452,100
174,0.006066,114,456,100
175,0.006104,115,460,105
176,0.006049,115,0,0
177,0.006086,115,460,102
178,0.006049,116,464,107
179,0.006094,116,0,0
180,0.006090,117,468,113
181,0.006048,118,472,114
182,0.006072,119,476,114
183,0.006068,119,0,0
184,0.006145,120,480,118
185,0.006036,120,480,119
186,0.006042,121,484,121
187,0.006066,121,0,0
188,0.006075,122,488,124
189,0.006081,123,492,123
190,0.006181,124,496,121
191,0.005940,124,0,0
192,0.006119,125,500,120
193,0.006082,125,500,115
194,0.006135,125,0,0
195,0.005980,126,504,107
196,0.006067,127,508,112
197,0.006094,128,512,113
198,0.006065,128,0,0
199,0.006063,129,516,114
200,0.006036,130,520,121
201,0.006172,130,520,118
202,0.006018,130,0,0
203,0.006145,131,524,110
204,0.005983,132,528,107
205,0.006088,132,0,0
206,0.006087,133,532,118
207,0.006054,134,536,120
208,0.006100,135,540,120
209,0.006133,135,0,0
210,0.005966,135,540,119
211,0.006127,136,544,119
212,0.006023,137,548,120
213,0.006093,137,0,0
214,0.006051,138,552,130
215,0.006414,139,556,133
216,0.005724,139,0,0
217,0.006091,140,560,123
218,0.006117,140,560,133
219,0.006056,141,564,134
220,0.006055,141,0,0
221,0.006316,142,568,138
222,0.005820,143,572,146
223,0.006057,144,576,151
224,0.006151,144,0,0
225,0.006016,145,580,143
226,0.006073,145,580,143
227,0.006055,145,0,0
228,0.006026,146,584,143
229,0.006082,147,588,147
230,0.006111,148,592,144
231,0.006071,148,0,0
232,0.006061,149,596,144
233,0.006093,150,600,147
234,0.006200,150,600,146
235,0.005926,150,0,0
236,0.006053,151,604,146
237,0.006103,152,608,151
238,0.006064,152,0,0
239,0.006083,153,612,157
240,0.006213,154,616,161
241,0.006957,155,620,163
242,0.005362,155,620,158
243,0.005758,155,0,0
244,0.006109,156,624,157
245,0.006009,157,628,157
246,0.006075,157,0,0
247,0.006128,158,632,158
248,0.006000,159,636,164
249,0.006133,160,640,169
250,0.006067,160,0,0
251,0.006205,160,640,174
252,0.006584,161,644,178
253,0.005423,162,648,174
254,0.006043,162,0,0
255,0.006085,163,652,179
256,0.006081,164,656,176
257,0.006060,164,0,0
258,0.006089,165,660,177
259,0.006124,165,660,177
260,0.006016,166,664,177
261,0.006052,166,0,0
262,0.006116,167,668,177
263,0.006100,168,672,178
264,0.006028,168,0,0
265,0.007212,169,676,180
266,0.006854,170,680,179
267,0.006143,170,680,182
268,0.005298,171,684,176
269,0.004838,171,0,0
270,0.006107,172,688,174
271,0.006072,173,692,171
272,0.006086,173,0,0
273,0.006067,174,696,166
274,0.006125,175,700,173
275,0.006252,175,0,0
276,0.005826,175,700,170
277,0.006089,176,704,169
278,0.006089,177,708,181
279,0.006009,177,0,0
280,0.006097,178,712,180
281,0.006074,179,716,179
282,0.006069,180,720,182
283,0.006039,180,0,0
284,0.006093,180,720,188
285,0.006057,181,724,191
286,0.006109,181,0,0
287,0.006047,182,728,189
288,0.006105,183,732,189
289,0.006083,184,736,179
290,0.006045,184,0,0
291,0.007278,185,740,176
292,0.006008,185,740,172
293,0.005435,186,744,175
294,0.005568,186,0,0
295,0.006087,187,748,177
296,0.006073,188,752,189
297,0.006023,188,0,0
298,0.006106,189,756,188
299,0.006042,190,760,177
300,0.006502,190,760,177
301,0.005678,190,0,0
302,0.006058,191,764,176
303,0.006120,192,768,188
304,0.006310,193,772,189
305,0.005788,193,0,0
306,0.006052,194,776,182
307,0.006086,195,780,182
308,0.006077,195,0,0
309,0.006079,195,780,172
310,0.006104,196,784,169
311,0.006041,197,788,160
312,0.006058,197,0,0
313,0.006948,198,792,184
314,0.005855,199,796,181
315,0.007244,200,800,178
316,0.007172,200,800,174
317,0.004299,200,0,0
318,0.006139,201,804,171
319,0.006495,202,808,180
320,0.005001,202,0,0
321,0.006694,203,812,182
322,0.006276,204,816,189
323,0.006470,205,820,192
324,0.004381,205,0,0
325,0.006222,205,820,191
326,0.006384,206,824,183
327,0.005541,206,0,0
328,0.006840,207,828,187
329,0.007234,208,832,195
330,0.007092,209,836,208
331,0.007158,210,840,211
332,0.004545,210,0,0
333,0.006697,210,840,199
334,0.006318,211,844,196
335,0.006665,212,848,198
336,0.004539,212,0,0
337,0.006480,213,852,203
338,0.006667,214,856,202
339,0.007127,215,860,198
340,0.006860,215,0,0
341,0.007923,215,860,197
342,0.006498,216,864,201
343,0.006519,217,868,202
344,0.006362,218,872,205
345,0.004541,218,0,0
346,0.006171,219,876,216
347,0.006371,220,880,214
348,0.006077,220,880,219
349,0.004153,220,0,0
350,0.006122,221,884,210
351,0.004354,221,0,0
352,0.005956,222,888,214
353,0.006387,223,892,203
354,0.004184,223,0,0
355,0.006211,224,896,208
356,0.006172,225,900,208
357,0.007874,225,0,0
358,0.006746,225,900,213
359,0.006257,226,904,202
360,0.006228,227,908,206
361,0.006097,228,912,221
362,0.004160,228,0,0
363,0.005981,229,916,221
364,0.006465,230,920,222
365,0.005329,230,0,0
366,0.007688,230,920,221
367,0.006472,231,924,223
368,0.006326,232,928,222
369,0.006258,233,932,223
370,0.004202,233,0,0
371,0.006092,234,936,212
372,0.006735,235,940,204
373,0.004297,235,0,0
374,0.006310,235,940,200
375,0.006190,236,944,194
376,0.004208,236,0,0
377,0.006336,237,948,204
378,0.006531,238,952,211
379,0.004724,238,0,0
380,0.006980,239,956,221
381,0.007134,240,960,224
382,0.006815,240,960,224
383,0.003891,240,0,0
384,0.006754,241,964,230
385,0.006634,242,968,221
386,0.006720,243,972,222
387,0.004580,243,0,0
388,0.006716,244,976,225
389,0.006680,245,980,221
390,0.008414,245,980,214
391,0.007640,246,984,217
392,0.004369,246,0,0
393,0.006275,247,988,214
394,0.006607,248,992,216
395,0.006438,249,996,211
396,0.004301,249,0,0
397,0.006296,250,1000,208
398,0.006534,250,1000,204
399,0.004014,250,0,0
400,0.006804,251,1004,208
401,0.006608,252,1008,219
402,0.004184,252,0,0
403,0.007151,253,1012,221
404,0.006832,254,1016,228
405,0.006698,255,1020,234
406,0.004736,255,0,0
407,0.006466,255,1020,239
408,0.006689,256,1024,242
409,0.009095,257,1028,241
410,0.007292,258,1032,246
411,0.006720,259,1036,241
412,0.004516,259,0,0
413,0.006833,260,1040,235
414,0.008324,260,1040,240
415,0.008209,261,1044,246
416,0.007148,262,1048,241
417,0.006899,263,1052,237
418,0.004352,263,0,0
419,0.007087,264,1056,246
420,0.006989,265,1060,247
421,0.006923,265,1060,237
422,0.004135,265,0,0
423,0.006883,266,1064,243
424,0.007073,267,1068,242
425,0.006817,268,1072,253
426,0.004232,268,0,0
427,0.007061,269,1076,256
428,0.007022,270,1080,261
429,0.007055,270,1080,265
430,0.004244,270,0,0
431,0.007001,271,1084,263
432,0.006991,272,1088,260
433,0.007316,273,1092,262
434,0.007414,274,1096,254
435,0.004065,274,0,0
436,0.007143,275,1100,249
437,0.008351,275,1100,246
438,0.009664,276,1104,247
439,0.007323,277,1108,246
440,0.007623,278,1112,254
441,0.007074,279,1116,258
442,0.007281,280,1120,258
443,0.004035,280,0,0
444,0.007019,280,1120,255
445,0.007085,281,1124,260
446,0.007385,282,1128,260
447,0.004372,282,0,0
448,0.007065,283,1132,264
449,0.007175,284,1136,262
450,0.007215,285,1140,258
451,0.007187,285,1140,257
452,0.004227,285,0,0
453,0.007055,286,1144,256
454,0.008024,287,1148,252
455,0.007638,288,1152,266
456,0.007419,289,1156,263
457,0.007270,290,1160,260
458,0.004449,290,0,0
459,0.008755,290,1160,266
460,0.009451,291,1164,267
461,0.007339,292,1168,272
462,0.008214,293,1172,279
463,0.007340,294,1176,274
464,0.007443,295,1180,279
465,0.008151,295,1180,270
466,0.007295,296,1184,268
467,0.008357,297,1188,266
468,0.007476,298,1192,274
469,0.008278,299,1196,276
470,0.008894,300,1200,269
471,0.007421,300,1200,269
472,0.007392,301,1204,265
473,0.004706,301,0,0
474,0.007644,302,1208,265
475,0.007755,303,1212,273
476,0.007676,304,1216,275
477,0.007468,305,1220,269
478,0.007908,305,1220,279
479,0.009293,306,1224,264
480,0.009124,307,1228,267
481,0.007802,308,1232,268
482,0.008103,309,1236,279
483,0.007933,310,1240,276
484,0.007793,310,1240,276
485,0.007580,311,1244,275
486,0.004488,311,0,0
487,0.008082,312,1248,277
488,0.008447,313,1252,277
489,0.007775,314,1256,273
490,0.008681,315,1260,272
491,0.007817,315,1260,266
492,0.007757,316,1264,268
493,0.007871,317,1268,265
494,0.008176,318,1272,263
495,0.008373,319,1276,255
496,0.009221,320,1280,261
497,0.007908,320,1280,262
498,0.010164,321,1284,259
499,0.010104,322,1288,273
500,0.008107,323,1292,278
501,0.008439,324,1296,280
502,0.008013,325,1300,281
503,0.008224,325,1300,284
504,0.008240,326,1304,281
505,0.009081,327,1308,269
506,0.008145,328,1312,263
507,0.008375,329,1316,259
508,0.008165,330,1320,259
509,0.008639,330,1320,265
510,0.008021,331,1324,258
511,0.009472,332,1328,264
512,0.008226,333,1332,269
513,0.008637,334,1336,267
514,0.008265,335,1340,259
515,0.008957,335,1340,253
516,0.009702,336,1344,259
517,0.015004,338,2700,514
518,0.010182,339,1356,268
519,0.012603,340,2720,536
520,0.009439,341,1364,270
521,0.008908,342,1368,268
522,0.008524,343,1372,267
523,0.008879,344,1376,265
524,0.008693,345,1380,268
525,0.009089,345,1380,268
526,0.013051,347,2772,549
527,0.009790,348,1392,270
528,0.009723,349,1396,268
529,0.008783,350,1400,275
530,0.014104,351,2804,554
531,0.011035,352,1408,271
532,0.015356,354,2828,548
533,0.009243,355,1420,280
534,0.013860,356,2844,569
535,0.008906,357,1428,284
536,0.008947,358,1432,284
537,0.010406,359,1436,295
538,0.013461,360,2880,590
539,0.008962,361,1444,281
540,0.009266,362,1448,280
541,0.009082,363,1452,273
542,0.009121,364,1456,265
543,0.014360,365,2920,528
544,0.009397,366,1464,267
545,0.011760,367,1468,277
546,0.015631,369,2948,554
547,0.014509,370,2960,561
548,0.010460,371,1484,271
549,0.014263,373,2980,544
550,0.009242,374,1496,268
551,0.014243,375,3000,527
552,0.009337,376,1504,261
553,0.009850,377,1508,266
554,0.014495,379,3028,543
555,0.010065,380,1520,275
556,0.010168,380,1520,277
557,0.015025,382,3052,563
558,0.012760,383,1532,277
559,0.017522,385,3076,556
560,0.015260,386,3084,559
561,0.015204,388,3100,582
562,0.016426,390,3116,578
563,0.015117,391,3124,574
564,0.015689,393,3140,586
565,0.009881,394,1576,306
566,0.016491,395,3160,633
567,0.016461,397,3172,622
568,0.018301,399,3188,641
569,0.017667,400,3200,624
570,0.016607,402,3212,601
571,0.015770,404,3228,605
572,0.016213,405,3240,604
573,0.018464,407,3252,632
574,0.017674,409,3268,657
575,0.016085,410,3280,662
576,0.016603,412,3292,639
577,0.018414,414,3308,641
578,0.018440,415,3320,628
579,0.017698,417,3332,638
580,0.022500,420,5028,930
581,0.017008,421,3364,618
582,0.017031,423,3380,629
583,0.017315,425,3396,645
584,0.017023,426,3404,636
585,0.017280,428,3420,631
586,0.025585,430,5156,932
587,0.025561,433,5184,937
588,0.023898,435,5216,934
589,0.024210,438,5244,919
590,0.017927,440,3516,598
591,0.024325,442,5292,925
592,0.026167,445,5328,947
593,0.029064,447,5352,883
594,0.026763,450,5388,931
595,0.026737,452,5412,994
596,0.032090,455,7268,1360
597,0.025956,458,5484,993
598,0.033402,461,7360,1312
599,0.035588,465,7416,1298
600,0.035038,468,7464,1327
601,0.035354,471,7520,1280
602,0.034592,475,7576,1280
603,0.035076,478,7624,1304
604,0.044647,482,9608,1721
605,0.045266,486,9692,1774
606,0.044257,490,9776,1741
607,0.055039,495,11840,2120
608,0.059838,500,11960,2084
609,0.067262,506,14104,2371
610,0.073891,513,16320,2751
611,0.082472,520,16536,2768
612,0.079742,526,16744,2756
613,0.081646,533,16960,2753
614,0.084904,540,17176,2880
615,0.089207,546,17384,2922
616,0.087091,553,17600,3075
617,0.090000,560,17816,3029
618,0.091502,566,18024,3100
619,0.093808,573,18240,3038
620,0.094969,576,18396,3020
621,0.095493,579,18500,2888
622,0.096775,582,18608,2945
623,0.096839,586,18704,2889
624,0.098217,588,18792,3017
625,0.098809,590,18880,3108
626,0.099067,592,18936,3012
627,0.099511,594,19008,2985
628,0.100041,595,19040,2927
629,0.100451,597,19080,3037
630,0.101791,597,19140,3116
631,0.100046,597,19132,3117
632,0.100172,599,19132,2995
633,0.101743,598,19184,3041
634,0.100620,599,19176,3013
635,0.101373,599,19200,3125
636,0.101835,599,19176,3168
637,0.101551,598,19184,3021
638,0.100268,599,19168,3060
639,0.101798,599,19192,3208
640,0.100959,599,19196,3145
641,0.101522,600,19208,3052
642,0.101228,599,19220,3065
643,0.101627,598,19184,3041
644,0.104280,600,19188,2963
645,0.102784,600,19224,2999
646,0.103148,600,19244,3079
647,0.103872,601,19248,3128
648,0.102348,600,19248,3159
649,0.101537,602,19240,3072
650,0.101012,601,19256,3216
651,0.098674,599,19224,3234
652,0.101239,600,19224,3157
653,0.101733,601,19248,3238
654,0.099866,598,19200,3201
655,0.098195,600,19200,3195
656,0.099911,600,19220,3111
657,0.103266,599,19192,3100
658,0.100311,599,19192,3103
659,0.100265,601,19212,3146
660,0.100751,600,19228,3160
661,0.100337,600,19208,3209
662,0.100928,600,19232,3266
663,0.102629,600,19216,3137
664,0.102153,599,19216,3189
665,0.106025,600,19180,3109
666,0.100883,599,19204,3117
667,0.098893,598,19176,3129
668,0.101253,599,19192,3115
669,0.099130,599,19208,3083
670,0.106196,599,19188,3112
671,0.100544,600,19208,3028
672,0.100127,599,19208,3213
673,0.105774,598,19184,3145
674,0.101175,599,19168,3119
675,0.098082,600,19192,3120
676,0.102473,600,19236,3213
677,0.101566,600,19216,3282
678,0.101041,600,19224,3068
679,0.100156,600,19220,3025
680,0.101045,600,19232,2954
681,0.101199,599,19216,2942
682,0.101609,600,19212,3140
683,0.101676,600,19248,3125
684,0.100704,598,19192,3204
685,0.100319,599,19188,3265
686,0.100929,601,19216,3194
687,0.101597,600,19240,3106
688,0.100706,600,19240,3199
689,0.100535,601,19220,3175
690,0.101383,600,19252,3127
691,0.100075,600,19228,3040
692,0.101138,600,19212,3197
693,0.100523,598,19200,3064
694,0.101228,599,19176,3130
695,0.099454,600,19204,3156
696,0.100041,598,19172,3100
697,0.100909,599,19180,3071
698,0.100906,600,19184,3107
699,0.100414,599,19208,3032
700,0.102904,599,19184,3117
701,0.100692,599,19196,3071
702,0.101221,600,19196,3100
703,0.100475,599,19224,3015
704,0.099630,598,19176,3097
705,0.100166,598,19168,3076
706,0.100231,598,19176,3082
707,0.100777,598,19144,3053
708,0.099925,598,19136,3021
709,0.100394,601,19212,2910
710,0.100851,600,19224,2904
711,0.101114,598,19172,3029
712,0.100176,600,19188,3113
713,0.101533,600,19208,2930
714,0.100336,598,19196,2918
715,0.100567,600,19196,3121
716,0.101821,599,19208,3203
717,0.100861,598,19180,3282
718,0.100662,600,19200,3249
719,0.100828,599,19208,3086
720,0.101020,600,19204,3203
721,0.102487,600,19244,3180
722,0.099465,600,19232,3226
723,0.103383,599,19208,3169
724,0.101478,599,19192,3275
725,0.103345,599,19192,3348
726,0.101463,599,19176,3347
727,0.103045,602,19232,3184
728,0.102529,601,19272,3076
729,0.099392,599,19224,3270
730,0.102980,599,19220,3277
731,0.101136,599,19200,3170
732,0.101612,598,19188,3200
733,0.101503,599,19180,3400
734,0.098330,599,19204,3365
735,0.100397,597,19168,3266
736,0.103447,598,19164,3200
737,0.100526,599,19160,3253
738,0.101686,599,19200,3071
739,0.101167,600,19208,2982
740,0.101977,601,19212,3023
741,0.100153,599,19224,3097
742,0.101341,599,19200,3040
743,0.100554,601,19224,3144
744,0.099883,599,19224,3077
745,0.099876,601,19236,3144
746,0.104002,602,19284,3164
747,0.101557,599,19236,3123
748,0.098540,601,19228,3188
749,0.100800,601,19252,3176
750,0.100150,599,19212,3171
751,0.099856,600,19204,3096
752,0.101119,601,19224,3182
753,0.101458,600,19224,3075
754,0.101893,600,19224,3054
755,0.100979,601,19240,2995
756,0.101921,600,19240,3192
757,0.102066,599,19216,3141
758,0.101058,600,19224,3219
759,0.100631,598,19208,3095
760,0.099682,599,19184,3200
761,0.101144,599,19196,3069
762,0.101409,600,19196,2944
763,0.099244,600,19224,3069
764,0.104182,601,19240,3054
765,0.102377,600,19244,3121
766,0.100970,600,19228,3160
767,0.100624,600,19208,3237
768,0.100547,598,19192,3098
769,0.100907,599,19156,3056
770,0.101312,599,19200,3050
771,0.100617,599,19192,3210
772,0.101040,600,19208,3222
773,0.101658,600,19256,3251
774,0.101302,599,19208,3134
775,0.101671,600,19200,3156
776,0.100258,601,19236,3158
777,0.102510,599,19228,3238
778,0.101863,599,19208,3217
779,0.100990,599,19200,3178
780,0.101220,599,19192,3264
781,0.101501,600,19192,3062
782,0.102872,600,19224,3036
783,0.101560,599,19200,3076
784,0.098978,598,19180,3284
785,0.100685,599,19176,3221
786,0.100402,598,19172,3158
787,0.103272,597,19152,3058
788,0.100665,598,19156,3054
789,0.100805,597,19148,3170
790,0.101302,599,19180,3141
791,0.101356,600,19200,3124
792,0.100766,599,19212,3169
793,0.102882,600,19204,3189
794,0.101896,599,19204,3221
795,0.102101,600,19180,3188
796,0.101759,600,19240,3101
797,0.102796,601,19232,3121
798,0.099858,600,19236,2989
799,0.103292,600,19232,3057
800,0.103379,600,19232,3059
801,0.101131,599,19212,3115
802,0.100583,600,19200,3065
803,0.101103,600,19224,3137
804,0.101335,600,19224,3143
805,0.101139,601,19256,3052
806,0.101208,600,19216,3070
807,0.100981,599,19196,3120
808,0.100839,599,19212,3085
809,0.101432,601,19228,3154
810,0.100588,600,19224,3162
811,0.100956,599,19212,3131
812,0.102914,599,19180,3043
813,0.098903,598,19172,3141
814,0.103362,598,19164,3232
815,0.104099,598,19136,3162
816,0.100808,598,19176,3137
817,0.104469,598,19156,3099
818,0.101984,599,19192,3246
819,0.100638,598,19184,3069
820,0.101897,598,19152,2998
821,0.101024,598,19164,2990
822,0.102376,599,19168,3162
823,0.099982,601,19244,3197
824,0.103430,599,19208,3083
825,0.100590,597,19160,2882
826,0.102379,600,19184,3124
827,0.102046,600,19208,3111
828,0.100984,599,19196,3218
829,0.100410,600,19216,3207
830,0.101252,600,19212,3078
831,0.098783,600,19220,3091
832,0.101222,601,19244,3033
833,0.103617,600,19240,3160
834,0.102391,600,19228,3039
835,0.098950,599,19220,2972
836,0.100897,600,19200,3097
837,0.103010,601,19216,3085
838,0.099940,599,19224,3066
839,0.102775,601,19240,2940
840,0.101120,600,19248,3067
841,0.102038,599,19212,3136
842,0.101437,599,19192,3053
843,0.100825,600,19188,2977
844,0.102129,599,19212,3059
845,0.101201,600,19212,3051
846,0.100915,598,19192,3046
847,0.100609,599,19188,3158
848,0.100832,600,19196,3159
849,0.100953,599,19208,3014
850,0.100557,599,19192,3051
851,0.102140,599,19180,3024
852,0.100746,599,19188,3102
853,0.098670,598,19200,3213
854,0.100446,598,19172,3189
855,0.101483,599,19196,3186
856,0.104163,601,19212,3175
857,0.100513,601,19240,3264
858,0.100314,599,19212,3209
859,0.098042,599,19184,3245
860,0.099939,599,19196,3170
861,0.097176,598,19168,3000
862,0.103788,601,19188,2992
863,0.100964,600,19248,3044
864,0.099961,599,19216,3130
865,0.100244,599,19204,2978
866,0.100197,599,19192,3036
867,0.100022,599,19180,3095
868,0.100982,599,19192,3101
869,0.100364,600,19204,3098
870,0.104423,599,19192,3109
871,0.101850,601,19224,3030
872,0.102546,600,19240,3024
873,0.100299,598,19192,2967
874,0.100229,600,19192,2979
875,0.100976,601,19236,2987
876,0.101959,599,19224,2880
877,0.098729,599,19192,2920
878,0.102820,600,19188,3023
879,0.102518,599,19204,2962
880,0.099961,599,19196,3186
881,0.103091,599,19180,3150
882,0.103410,598,19176,3044
883,0.102410,600,19196,3142
884,0.102407,599,19208,3187
885,0.101314,601,19208,3273
886,0.101876,599,19220,3211
887,0.101769,600,19224,3118
888,0.099393,599,19204,3009
889,0.104012,598,19184,3104
890,0.102100,599,19176,3094
891,0.100964,598,19176,3068
892,0.100676,599,19184,3007
893,0.100640,600,19228,2994
894,0.101254,599,19204,3061
895,0.100927,599,19192,3102
896,0.101072,599,19196,3118
897,0.101094,598,19176,3057
898,0.102040,600,19200,3067
899,0.100974,600,19216,2938
900,0.100921,599,19204,3093
901,0.102239,600,19224,3097
902,0.099928,599,19220,3066
903,0.099308,598,19184,2990
904,0.101204,599,19172,3138
905,0.103630,601,19220,3245
906,0.101921,600,19248,3101
907,0.101867,602,19256,3260
908,0.102540,602,19296,3257
909,0.100924,600,19236,3135
910,0.101290,600,19232,3122
911,0.102073,599,19220,3031
912,0.100795,598,19176,3006
913,0.101310,598,19180,3060
914,0.102307,600,19192,2979
915,0.102032,600,19204,3025
916,0.101833,599,19216,3022
917,0.102767,600,19220,3100
918,0.101361,599,19216,3087
919,0.101801,600,19220,3095
920,0.101008,600,19228,3127
921,0.102772,599,19228,3188
922,0.101307,601,19236,3145
923,0.101759,601,19264,3106
924,0.101459,600,19240,3145
925,0.101258,600,19236,3293
926,0.101478,600,19216,3229
927,0.099219,599,19212,3183
928,0.101545,601,19228,3204
929,0.104103,600,19236,3140
930,0.101052,598,19208,3059
931,0.100526,599,19176,3072
932,0.101730,599,19204,3172
933,0.100674,600,19200,3245
934,0.102255,600,19232,3144
935,0.102530,600,19224,3035
936,0.100895,599,19212,2907
937,0.100494,598,19184,2919
938,0.100439,599,19168,2967
939,0.102094,599,19192,3006
940,0.101233,599,19200,2952
941,0.100600,600,19184,2919
942,0.100916,600,19228,3044
943,0.099698,600,19228,2998
944,0.103621,599,19184,2833
945,0.101478,598,19164,2854
946,0.101056,599,19192,2893
947,0.105197,600,19184,3102
948,0.100831,599,19212,3123
949,0.101285,600,19208,3218
950,0.101919,601,19228,2996
951,0.101033,599,19224,2939
952,0.101180,598,19184,2985
953,0.101032,599,19180,2925
954,0.100497,598,19164,2787
955,0.102338,598,19164,2983
956,0.099215,599,19172,3055
957,0.103203,598,19176,2987
958,0.100913,598,19180,3116
959,0.101651,599,19172,3070
960,0.101666,598,19176,3013
961,0.104100,598,19168,3115
962,0.100707,598,19152,3150
963,0.100702,600,19160,3089
964,0.103477,601,19260,3209
965,0.102317,600,19252,3186
966,0.099064,599,19208,3010
967,0.103342,598,19184,2952
968,0.103586,599,19168,2978
969,0.101032,598,19168,3015
970,0.101300,601,19200,2991
971,0.101185,601,19244,3091
972,0.101652,600,19228,3200
973,0.101268,599,19220,3252
974,0.102374,599,19196,3247
975,0.102255,601,19208,3349
976,0.101878,601,19248,3261
977,0.103304,600,19224,3378
978,0.101165,598,19168,3156
979,0.101032,599,19164,3035
980,0.101157,598,19196,3203
981,0.102707,599,19156,3276
982,0.102870,599,19200,3234
983,0.101878,600,19212,3130
984,0.100208,600,19204,3151
985,0.101306,599,19216,3203
986,0.099049,599,19184,3122
987,0.099034,598,19176,3242
988,0.100418,599,19168,3147
989,0.102133,600,19224,3156
990,0.101702,598,19204,3154
991,0.102393,599,19160,3066
992,0.099754,600,19208,3006
993,0.101022,599,19208,3022
994,0.102740,599,19188,2838
995,0.101027,598,19176,2850
996,0.100251,598,19172,2941
997,0.100243,599,19188,3128
998,0.100560,600,19188,3066
999,0.101548,599,19192,2973
1000,0.100349,599,19196,2999
1001,0.100631,600,19200,2995
1002,0.101259,600,19220,2952
1003,0.100681,600,19220,2868
1004,0.101465,601,19260,2897
1005,0.099429,601,19260,3008
1006,0.098501,602,19280,2856
1007,0.100583,601,19272,2913
1008,0.103259,600,19244,2956
1009,0.100951,601,19256,3046
1010,0.100141,601,19248,3049
1011,0.100464,600,19272,3076
1012,0.100286,600,19236,3163
1013,0.101163,601,19224,3254
1014,0.100006,598,19224,2991
1015,0.100224,599,19192,3159
1016,0.099468,599,19180,3191
1017,0.099428,598,19176,3130
1018,0.100058,599,19164,2978
1019,0.103656,600,19192,3049
1020,0.100372,600,19232,3161
1021,0.098792,601,19240,3266
1022,0.100279,600,19232,3215
1023,0.100167,598,19192,3235
1024,0.101123,599,19192,3290
1025,0.102949,599,19196,3224
1026,0.099984,598,19184,3183
1027,0.101008,600,19188,3253
1028,0.100502,601,19256,3111
1029,0.100764,600,19228,3044
1030,0.101569,600,19236,3041
1031,0.100307,599,19204,3000
1032,0.099753,598,19164,3015
1033,0.099800,599,19200,2973
1034,0.100305,601,19216,3018
1035,0.101044,601,19240,2864
1036,0.098565,599,19240,2892
1037,0.099963,600,19196,2908
1038,0.101137,599,19216,2923
1039,0.101325,599,19220,2986
1040,0.101541,598,19180,2966
1041,0.099887,597,19144,3062
1042,0.100494,599,19160,3016
1043,0.102343,600,19204,3053
1044,0.101643,599,19204,3189
1045,0.101925,600,19212,3201
1046,0.102565,600,19220,3287
1047,0.098889,599,19208,3376
1048,0.100545,600,19196,3279
1049,0.104542,601,19248,3260
1050,0.102005,600,19236,3191
1051,0.100147,601,19232,3210
1052,0.100320,601,19256,3197
1053,0.099999,599,19208,3203
1054,0.103130,599,19184,3277
1055,0.101541,600,19192,3273
1056,0.102138,601,19244,3267
1057,0.101369,600,19236,3281
1058,0.101338,600,19212,3269
1059,0.101479,601,19216,3286
1060,0.102846,600,19248,3129
1061,0.101849,599,19208,3122
1062,0.100462,600,19212,3078
1063,0.103229,599,19216,3064
1064,0.102639,599,19196,3056
1065,0.101001,599,19180,3135
1066,0.100566,599,19204,3181
1067,0.100660,599,19196,3260
1068,0.100648,599,19176,3148
1069,0.101257,599,19184,3175
1070,0.102067,599,19180,3273
1071,0.100301,598,19168,3079
1072,0.100316,599,19160,3050
1073,0.102190,599,19176,3036
1074,0.101207,599,19192,3064
1075,0.101805,601,19212,3051
1076,0.102276,599,19236,3038
1077,0.101157,598,19188,3050
1078,0.101150,600,19192,3156
1079,0.101423,600,19232,3021
1080,0.101066,598,19200,2947
1081,0.102380,600,19204,3098
1082,0.103235,599,19224,3229
1083,0.101991,598,19160,3071
1084,0.099143,600,19184,3076
1085,0.104523,601,19232,2970
1086,0.104693,601,19248,3102
1087,0.101427,600,19248,3142
1088,0.100684,600,19208,3099
1089,0.101149,598,19188,3105
1090,0.101625,599,19176,3160
1091,0.101090,599,19192,3211
1092,0.100627,598,19180,3004
1093,0.101529,599,19192,3008
1094,0.099308,598,19176,2971
1095,0.101200,599,19176,3059
1096,0.103665,599,19208,3095
1097,0.101336,600,19208,3034
1098,0.099097,600,19220,3067
1099,0.101375,599,19212,2958
1100,0.102754,600,19196,2980
1101,0.103379,599,19216,2959
1102,0.101508,599,19196,3015
1103,0.101931,599,19204,2925
1104,0.100848,599,19204,3003
1105,0.104735,599,19200,2999
1106,0.101380,598,19188,2976
1107,0.101131,597,19140,2930
1108,0.100496,599,19168,3128
1109,0.101970,598,19176,3022
1110,0.099871,597,19148,3007
1111,0.100832,598,19144,2876
1112,0.103626,600,19168,2828
1113,0.101783,600,19228,2956
1114,0.103481,600,19232,3033
1115,0.100100,601,19224,2928
1116,0.100805,600,19240,2952
1117,0.100606,600,19244,3039
1118,0.101540,600,19236,3076
1119,0.101204,599,19204,2902
1120,0.101340,601,19208,2935
1121,0.101685,601,19264,2916
1122,0.102510,600,19224,2988
1123,0.099310,601,19224,3115
1124,0.103726,600,19240,3176
1125,0.102186,600,19224,3273
1126,0.101038,600,19220,3290
1127,0.101590,602,19244,3171
1128,0.102377,600,19256,3063
1129,0.101268,600,19228,3182
1130,0.101303,601,19232,3211
1131,0.102322,599,19216,3173
1132,0.101012,598,19184,3217
1133,0.100631,598,19160,3132
1134,0.101366,599,19180,3064
1135,0.101438,600,19192,3145
1136,0.099831,600,19232,3053
1137,0.102559,599,19204,3086
1138,0.100898,598,19160,2983
1139,0.099643,599,19156,3168
1140,0.101395,599,19184,3097
1141,0.101104,599,19208,3051
1142,0.103079,601,19208,3082
1143,0.102078,600,19256,3045
1144,0.101441,600,19232,3071
1145,0.101515,601,19236,3057
1146,0.101937,600,19248,3031
1147,0.100819,600,19236,2985
1148,0.103266,601,19240,3077
1149,0.098951,601,19276,3180
1150,0.101645,601,19264,3063
1151,0.102609,601,19260,3029
1152,0.101411,600,19244,2997
1153,0.100593,599,19216,2953
1154,0.101396,601,19208,2999
1155,0.101544,600,19248,2989
1156,0.100700,600,19224,3079
1157,0.099975,601,19232,3087
1158,0.101233,599,19248,3038
1159,0.101670,598,19188,3074
1160,0.100208,600,19176,3053
1161,0.100220,598,19188,2989
1162,0.102101,600,19180,3036
1163,0.100046,600,19212,3040
1164,0.101332,599,19220,2946
1165,0.100904,599,19204,3074
1166,0.101010,599,19204,3151
1167,0.100428,599,19192,3238
1168,0.101419,599,19196,3251
1169,0.100288,598,19176,3211
1170,0.100492,599,19164,3138
1171,0.098582,599,19192,3172
1172,0.100843,599,19204,3192
1173,0.100755,599,19204,3061
1174,0.101533,599,19184,3033
1175,0.102400,600,19184,3073
1176,0.100719,600,19228,3207
1177,0.101010,600,19224,3273
1178,0.102199,600,19216,3198
1179,0.101211,601,19216,3170
1180,0.101778,600,19256,3286
1181,0.103284,599,19208,3230
1182,0.102760,597,19160,3090
1183,0.101642,598,19148,3194
1184,0.100799,600,19172,3132
1185,0.098650,598,19192,3193
1186,0.100437,599,19164,3182
1187,0.100198,599,19180,3189
1188,0.103362,598,19188,3216
1189,0.100930,600,19184,3274
1190,0.101023,599,19216,3182
1191,0.102183,600,19200,3123
1192,0.102222,600,19204,3128
1193,0.101364,599,19184,3061
1194,0.099927,599,19192,2964
1195,0.102976,601,19248,3050
1196,0.101333,599,19236,3150
1197,0.101051,599,19188,3145
1198,0.100335,599,19188,3205
1199,0.101552,599,19200,3154
1200,0.100779,600,19208,3131
1201,0.101205,600,19240,3167
1202,0.099255,601,19224,3156
1203,0.100894,600,19244,3200
1204,0.103067,599,19216,3176
1205,0.101255,599,19192,3014
1206,0.099849,598,19164,3016
1207,0.100385,599,19164,2995
1208,0.101914,599,19192,3006
1209,0.099819,598,19168,3161
1210,0.100559,601,19180,3116
1211,0.100197,600,19240,3009
1212,0.100355,598,19192,2915
1213,0.098677,599,19176,2952
1214,0.101620,599,19196,2994
1215,0.101968,599,19184,3060
1216,0.100713,600,19224,3091
1217,0.100410,599,19188,3217
1218,0.100365,599,19172,3262
1219,0.101906,600,19216,3156
1220,0.101104,600,19216,3110
1221,0.100749,599,19200,2912
1222,0.100110,597,19168,2957
1223,0.100475,597,19140,2987
1224,0.100202,597,19124,3014
1225,0.101081,599,19188,3069
1226,0.100964,599,19192,2955
1227,0.100672,600,19192,2952
1228,0.098798,600,19236,3009
1229,0.103020,600,19228,3078
1230,0.100862,600,19224,3026
1231,0.100702,599,19208,3253
1232,0.101214,602,19232,3175
1233,0.100687,601,19248,3113
1234,0.101760,599,19240,2985
1235,0.101493,599,19184,2839
1236,0.100469,599,19180,3052
1237,0.100961,599,19188,3007
1238,0.101000,599,19184,3020
1239,0.100295,598,19184,3064
1240,0.100388,598,19184,3064
1241,0.101566,600,19200,3033
1242,0.100739,598,19192,2973
1243,0.100181,599,19176,3057
1244,0.100293,599,19192,3120
1245,0.101682,599,19184,3155
1246,0.099694,599,19208,3212
1247,0.101555,598,19176,3186
1248,0.100940,598,19160,3177
1249,0.099982,598,19168,3122
1250,0.099835,598,19144,3183
1251,0.100175,599,19172,3005
1252,0.101284,600,19208,3036
1253,0.100582,599,19208,3106
1254,0.098260,599,19196,3154
1255,0.101203,600,19224,2942
1256,0.100535,599,19184,2911
1257,0.100375,599,19196,3076
1258,0.100895,599,19196,3150
1259,0.099876,599,19204,3225
1260,0.100031,599,19196,3291
1261,0.102028,599,19208,3205
1262,0.102390,600,19212,3211
1263,0.100374,600,19204,3197
1264,0.101445,599,19216,3185
1265,0.101251,599,19200,3182
1266,0.100537,599,19188,3237
1267,0.100580,599,19188,3110
1268,0.100236,600,19200,3202
1269,0.101266,599,19220,3226
1270,0.100407,599,19196,3069
1271,0.100545,600,19192,3070
1272,0.100747,599,19232,3044
1273,0.102156,600,19212,3019
1274,0.100916,602,19236,3060
1275,0.101714,601,19256,3164
1276,0.101555,601,19264,3110
1277,0.099280,600,19240,3027
1278,0.101058,599,19192,3006
1279,0.103914,600,19216,3121
1280,0.100751,600,19220,3116
1281,0.102155,601,19220,3054
1282,0.104146,601,19268,3060
1283,0.101855,600,19244,2900
1284,0.102062,599,19220,2933
1285,0.099139,599,19208,3038
1286,0.100540,601,19200,3046
1287,0.100512,600,19240,3086
1288,0.100284,599,19216,3055
1289,0.099647,599,19180,2956
1290,0.100918,599,19188,3037
1291,0.100241,598,19184,3069
1292,0.101062,599,19176,3073
1293,0.099721,598,19176,3101
1294,0.101856,599,19180,3065
1295,0.100289,599,19180,2981
1296,0.099906,599,19180,2972
1297,0.104181,598,19192,3043
1298,0.099950,599,19188,3072
1299,0.100254,598,19168,3046
1300,0.100067,599,19164,2966
1301,0.101447,599,19224,3083
1302,0.100195,598,19184,3092
1303,0.099953,600,19184,3149
1304,0.101877,600,19236,3073
1305,0.101538,599,19204,3068
1306,0.102027,599,19204,3053
1307,0.100400,600,19196,3086
1308,0.100418,600,19208,3120
1309,0.101403,599,19236,2999
1310,0.099796,600,19192,3033
1311,0.103173,600,19224,3013
1312,0.100532,599,19208,2924
1313,0.100930,598,19176,2807
1314,0.100107,598,19156,3070
1315,0.101100,600,19196,3098
1316,0.099752,600,19208,3222
1317,0.103212,600,19208,3080
1318,0.101455,600,19220,3134
1319,0.101886,599,19192,3219
1320,0.100626,600,19196,3212
1321,0.100697,599,19216,3271
1322,0.100430,598,19180,3064
1323,0.100350,598,19176,2965
1324,0.102161,598,19168,3085
1325,0.102422,598,19160,3115
1326,0.100239,598,19156,3023
1327,0.101602,599,19160,3052
1328,0.100896,600,19224,3097
1329,0.100457,600,19216,3024
1330,0.101343,601,19252,3060
1331,0.100804,600,19240,2969
1332,0.100857,599,19200,3072
1333,0.100244,599,19184,3142
1334,0.100621,601,19212,3124
1335,0.102108,600,19264,3128
1336,0.101737,600,19232,3129
1337,0.101296,602,19232,3229
1338,0.101608,602,19280,3128
1339,0.100510,599,19240,3185
1340,0.100713,600,19224,3250
1341,0.100494,599,19216,3113
1342,0.100296,598,19184,3162
1343,0.101414,600,19184,3304
1344,0.101869,600,19232,3174
1345,0.101370,599,19220,3039
1346,0.101408,600,19204,3117
1347,0.100918,600,19224,3106
1348,0.100863,600,19232,3153
1349,0.101527,601,19224,3175
1350,0.101921,600,19228,3003
1351,0.099235,600,19256,3106
1352,0.104333,600,19216,3177
1353,0.101074,599,19192,3164
1354,0.101213,601,19224,3142
1355,0.101836,602,19248,3043
1356,0.101844,601,19260,3116
1357,0.101686,602,19264,3124
1358,0.101818,601,19276,3044
1359,0.102095,601,19252,3210
1360,0.102100,602,19288,3200
1361,0.101801,601,19264,3113
1362,0.099556,600,19244,3126
1363,0.101057,600,19216,3163
1364,0.104534,599,19208,3187
1365,0.101807,598,19176,3178
1366,0.100909,599,19200,3245
1367,0.101332,600,19208,3113
1368,0.100685,598,19188,3188
1369,0.101000,600,19192,3138
1370,0.101274,599,19216,3093
1371,0.101924,598,19184,3020
1372,0.100741,599,19188,3079
1373,0.100143,600,19200,3082
1374,0.101729,600,19208,3158
1375,0.100943,600,19232,3043
1376,0.100882,601,19216,2863
1377,0.101869,601,19260,2967
1378,0.098293,599,19224,3002
1379,0.100330,599,19188,3064
1380,0.099625,598,19164,3044
1381,0.100739,599,19196,3098
1382,0.104418,599,19188,3026
1383,0.101395,599,19196,3014
1384,0.100807,599,19184,3124
1385,0.100592,601,19216,3091
1386,0.100550,599,19232,3106
1387,0.101014,600,19204,3103
1388,0.099846,599,19208,3025
1389,0.099404,598,19180,3130
1390,0.099706,600,19200,3118
1391,0.101834,600,19232,3026
1392,0.099334,599,19208,3053
1393,0.099467,599,19188,3214
1394,0.099491,599,19176,3190
1395,0.099851,598,19176,3175
1396,0.100221,597,19168,3229
1397,0.099272,599,19156,3181
1398,0.099447,599,19168,3137
1399,0.100655,599,19208,3106
1400,0.099733,599,19188,3048
1401,0.099569,600,19208,3117
1402,0.100434,599,19216,3268
1403,0.099947,600,19208,3316
1404,0.100696,600,19240,3303
1405,0.100848,600,19228,3116
1406,0.101234,599,19208,3022
1407,0.099466,598,19172,3120
1408,0.099433,599,19184,3137
1409,0.100414,601,19224,3119
1410,0.101292,599,19220,3061
1411,0.100960,601,19200,3064
1412,0.102089,601,19244,2997
1413,0.100122,599,19224,2936
1414,0.101562,599,19192,2912
1415,0.102248,600,19208,2926
1416,0.099989,598,19192,3017
1417,0.100776,599,19172,3040
1418,0.098862,600,19212,2970
1419,0.101112,599,19216,3025
1420,0.100550,600,19224,3160
1421,0.101249,600,19216,3161
1422,0.103276,600,19220,3146
1423,0.100864,600,19220,3091
1424,0.100947,601,19216,3013
1425,0.101759,600,19244,3035
1426,0.100698,601,19244,3086
1427,0.101179,600,19240,3106
1428,0.100391,598,19192,2982
1429,0.101156,600,19184,3039
1430,0.100684,601,19220,3121
1431,0.100755,599,19216,3248
1432,0.101526,600,19220,3160
1433,0.098844,601,19248,3087
1434,0.100803,599,19224,3008
1435,0.101735,599,19212,3126
1436,0.098391,600,19192,3169
1437,0.100779,598,19204,2994
1438,0.098991,598,19148,3004
1439,0.103834,599,19184,3132
1440,0.101365,600,19200,3121
1441,0.100080,600,19224,3056
1442,0.099705,598,19188,3120
1443,0.100276,597,19128,3150
1444,0.100050,600,19168,3109
1445,0.099910,599,19208,2956
1446,0.099491,598,19164,3026
1447,0.099175,598,19156,3029
1448,0.098157,598,19148,3072
1449,0.101053,599,19184,3042
1450,0.097935,598,19184,3127
1451,0.099983,599,19164,3304
1452,0.102274,598,19180,3227
1453,0.099717,598,19168,3099
1454,0.100169,599,19172,3310
1455,0.098620,599,19184,3395
1456,0.102049,599,19188,3073
1457,0.100825,599,19180,3056
1458,0.100816,598,19184,3021
1459,0.102437,598,19176,3034
1460,0.100487,599,19184,3234
1461,0.101062,600,19208,3233
1462,0.101177,600,19228,3308
1463,0.099971,600,19204,3150
1464,0.100552,600,19216,3141
1465,0.100686,599,19240,3074
1466,0.100539,600,19204,2989
1467,0.100994,601,19216,3026
1468,0.101137,601,19268,3026
1469,0.101477,601,19252,3085
1470,0.100590,601,19252,3119
1471,0.102909,601,19272,3113
1472,0.100800,600,19260,3168
1473,0.101095,599,19208,3152
1474,0.100743,601,19232,3233
1475,0.101838,601,19244,3312
1476,0.100737,599,19220,3175
1477,0.104285,598,19184,3071
1478,0.100620,600,19184,3090
1479,0.101177,599,19192,3068
1480,0.100826,601,19220,3206
1481,0.102483,599,19220,3310
1482,0.102190,599,19192,3128
1483,0.103327,598,19184,3192
1484,0.101546,599,19172,3175
1485,0.101501,599,19188,3194
1486,0.100378,600,19200,3136
1487,0.100669,600,19228,3043
1488,0.101728,600,19228,3063
1489,0.098875,600,19232,3266
1490,0.100847,600,19208,3266
1491,0.104178,601,19240,3213
1492,0.102173,602,19276,3162
1493,0.099428,603,19280,3085
1494,0.103440,600,19264,3222
1495,0.100459,600,19240,3138
1496,0.100950,599,19208,3157
1497,0.099932,599,19200,3177
1498,0.099823,598,19188,3225
1499,0.099926,600,19184,3261
1500,0.098429,599,19216,3107
1501,0.100011,599,19212,3106
1502,0.101523,600,19208,3086
1503,0.099754,598,19192,3143
1504,0.100962,600,19196,3188
1505,0.100652,600,19212,3238
1506,0.101062,599,19196,3302
1507,0.100492,600,19216,3180
1508,0.101758,599,19208,3179
1509,0.100052,599,19200,3120
1510,0.100662,599,19192,3045
1511,0.100065,599,19196,3176
1512,0.100692,598,19184,3151
1513,0.100186,599,19192,3205
1514,0.100381,599,19204,3262
1515,0.100283,600,19200,3077
1516,0.100893,600,19236,3096
1517,0.100858,601,19220,3084
1518,0.099404,600,19244,2938
1519,0.105229,599,19216,2934
1520,0.101182,599,19200,3045
1521,0.100257,599,19180,3004
1522,0.099552,599,19188,3021
1523,0.099677,600,19200,3019
1524,0.099838,601,19244,2960
1525,0.101438,600,19224,2901
1526,0.100826,600,19212,2954
1527,0.100372,601,19232,3036
1528,0.100191,601,19252,3041
1529,0.100223,600,19260,3090
1530,0.099814,598,19192,3131
1531,0.099858,598,19164,3002
1532,0.098994,598,19148,2887
1533,0.100660,598,19172,2980
1534,0.100267,598,19200,3024
1535,0.099643,598,19172,3051
1536,0.100397,597,19148,3151
1537,0.099783,598,19136,3362
1538,0.098296,599,19172,3203
1539,0.101686,598,19176,3056
1540,0.099836,598,19152,3107
1541,0.100326,599,19176,3198
1542,0.100976,601,19224,3096
1543,0.101112,600,19248,3190
1544,0.100918,601,19236,3212
1545,0.100424,599,19224,3217
1546,0.100625,600,19216,3224
1547,0.101544,599,19208,3047
1548,0.099899,598,19168,3079
1549,0.099546,598,19168,3157
1550,0.100082,599,19192,3174
1551,0.101700,599,19192,3227
1552,0.100611,600,19212,3241
1553,0.100493,599,19216,3150
1554,0.103660,598,19188,3127
1555,0.100677,599,19180,3259
1556,0.099549,600,19192,2960
1557,0.100548,599,19200,2966
1558,0.099946,599,19200,3045
1559,0.100884,599,19192,3232
1560,0.099597,599,19200,3136
1561,0.097827,599,19200,3097
1562,0.099317,599,19196,2997
1563,0.099595,599,19192,3080
1564,0.103041,599,19212,3089
1565,0.099611,601,19200,3129
1566,0.102905,600,19240,3124
1567,0.101262,601,19260,3182
1568,0.100729,601,19256,3064
1569,0.101691,600,19232,3100
1570,0.100423,600,19224,3014
1571,0.101002,600,19208,3029
1572,0.099507,600,19212,3036
1573,0.100242,600,19224,3020
1574,0.102320,600,19224,2997
1575,0.100419,600,19240,2966
1576,0.100395,599,19200,2973
1577,0.099922,600,19212,3002
1578,0.100932,600,19220,2968
1579,0.100575,600,19224,3151
1580,0.100367,600,19232,3170
1581,0.099895,600,19208,3105
1582,0.100995,600,19220,2998
1583,0.101459,600,19208,2932
1584,0.101424,601,19236,3095
1585,0.102502,601,19268,3235
1586,0.101861,599,19220,3106
1587,0.100139,598,19164,2984
1588,0.100515,598,19172,2986
1589,0.100641,598,19164,3006
1590,0.100360,597,19140,3106
1591,0.100549,598,19152,3097
1592,0.102072,599,19192,3179
1593,0.100545,598,19176,3125
1594,0.100383,598,19160,3234
1595,0.100668,598,19144,3211
1596,0.101479,600,19188,3195
1597,0.101210,600,19224,3126
1598,0.100965,599,19216,3020
1599,0.102200,597,19160,2989
1600,0.100581,600,19168,3015
